2100-12-05;Paris;matin;ensoleillé;3;5;8;Temps ensoleillé mais frais;
2100-12-05;Paris;après-midi;pluvieux;1;9;11;Une pluie fine et attendue;
2100-12-05;Paris;nuit;nuageux;4;9;11;Temps couverts;
2100-12-06;Paris;matin;brumeux;1;12;13;Temps brumeux;
2100-12-06;Paris;après-midi;ensoleillé;1;14;15;Temps ensoleillé;
2100-12-06;Paris;nuit;nuageux;4;9;11;Temps nuageux;
2100-12-07;Paris;matin;brumeux;1;12;13;Temps brumeux;
2100-12-07;Paris;après-midi;ensoleillé;2;14;15;Temps ensoleillé;
2100-12-07;Paris;nuit;nuageux;4;9;11;Temps nuageux;
